time_A_s,time_B_s
0.0,0.10032650808462329
0.2,0.2554936601168707
0.4,0.5239432490080178
0.6000000000000001,0.5580636290897412
0.8,0.783297046002289
1.0,1.0196899977052112
1.2000000000000002,1.2553367442263585
1.4000000000000001,1.3368273003424684
1.6,1.4718169296605286
1.8,2.0696165562564484
2.0,2.036600544173488
2.2,2.2402263307970585
2.4000000000000004,2.4899773677627435
2.6,2.631473665413894
2.8000000000000003,2.622798462447971
3.0,3.0299793020366317
3.2,3.1863663625924725
3.4000000000000004,3.3717044339270568
3.6,3.5736597760210302
3.8000000000000003,3.7785415302679426
4.0,3.9440067994724295
4.2,4.213589519750572
4.4,4.532584373478573
4.6000000000000005,4.556543219928119
4.800000000000001,4.845086482309702
5.0,4.917706429254433
5.2,5.193337097505679
5.4,5.337108880587457
5.6000000000000005,5.462926147634797
5.800000000000001,5.7682379929106435
6.0,6.087649005428004
6.2,6.284672902008397
6.4,6.424763888299819
6.6000000000000005,6.52534857427636
6.800000000000001,6.8238835943482625
7.0,7.048066588442266
7.2,7.231351382999359
7.4,7.298815986794275
7.6000000000000005,7.5924400154078215
7.800000000000001,7.841649023184382
8.0,8.023534474758655
8.200000000000001,8.027560335519206
8.4,8.453366160506024
8.6,8.658069661049776
8.8,8.894081570402086
9.0,8.855875079417476
9.200000000000001,9.128989272742805
9.4,9.451679539870419
9.600000000000001,9.633060340970852
9.8,9.777837234607189
10.0,9.911946230528542
10.200000000000001,10.160479874983846
10.4,10.368024986468827
10.600000000000001,10.656822368170584
10.8,10.713880932765054
11.0,11.03593427567197
11.200000000000001,11.226139356849796
11.4,11.305858355617623
11.600000000000001,11.598492406900062
11.8,11.651291260802857
12.0,11.921894537352166
12.200000000000001,12.076264848051224
12.4,12.355298285375845
12.600000000000001,12.676976767060554
12.8,12.863098730196885
13.0,13.011272238486436
13.200000000000001,13.11942681323988
13.4,13.346653387859513
13.600000000000001,13.542695189779472
13.8,13.797275109491654
14.0,13.91736320990641
14.200000000000001,14.124225932053417
14.4,14.599205376412966
14.600000000000001,14.602061800900374
14.8,14.797404654787043
15.0,14.981163281211588
15.200000000000001,15.055827405391948
15.4,15.431806860797792
15.600000000000001,15.692938797547624
15.8,15.793240126843825
16.0,16.02818933785625
16.2,16.21601200714504
16.400000000000002,16.42630058732489
16.6,16.59252704467015
16.8,16.86782298326927
17.0,16.919362622256017
17.2,17.15311392189209
17.400000000000002,17.42448833974327
17.6,17.70692244091929
17.8,17.736508273581816
18.0,18.030526084044666
18.2,18.39266716975851
18.400000000000002,18.660503262633462
18.6,18.66074199174835
18.8,18.906829780813727
19.0,19.06936560166592
19.200000000000003,19.1803043542212
19.400000000000002,19.63097971166968
19.6,19.48374488201785
19.8,19.807709922780255
20.0,20.002503940965777
20.200000000000003,20.200236160900403
20.400000000000002,20.45592901308789
20.6,20.599968717311434
20.8,20.76221756376965
21.0,21.032065860110382
21.200000000000003,21.222400987786333
21.400000000000002,21.428073178406994
21.6,21.68203760857352
21.8,21.82551404662298
22.0,22.08608297783131
22.200000000000003,22.125598031278564
22.400000000000002,22.419762564193785
22.6,22.52162459052716
22.8,22.751094449186926
23.0,22.88036868477271
23.200000000000003,23.186538601662868
23.400000000000002,23.29645691197434
23.6,23.72610373654956
23.8,23.730363595447898
24.0,23.947667398017867
24.200000000000003,24.249290711249834
24.400000000000002,24.365354746408666
24.6,24.631789143193807
24.8,24.758244121640516
25.0,24.93465368387573
25.200000000000003,25.013432079834057
25.400000000000002,25.44217911926261
25.6,25.61418556022245
25.8,25.855112578973966
26.0,26.00049238064249
26.200000000000003,26.13250765830241
26.400000000000002,26.53614903242281
26.6,26.712360936683964
26.8,26.95212675814233
27.0,26.984468611587182
27.200000000000003,27.057088656651995
27.400000000000002,27.37961085527733
27.6,27.514215151879114
27.8,27.688550095389022
28.0,27.916431276302863
28.200000000000003,28.29006869143823
28.400000000000002,28.364390947414208
28.6,28.37456195536557
28.8,28.748091319111843
29.0,29.014603833319942
29.200000000000003,29.156149301197726
29.400000000000002,29.384498268228313
29.6,29.520113251010923
29.8,29.782967118063286
30.0,30.055699007675194
30.200000000000003,30.171683090855915
30.400000000000002,30.495014586534868
30.6,30.57752171377881
30.8,30.651782232300377
31.0,31.09791696164279
31.200000000000003,31.190294507287547
31.400000000000002,31.356716323884402
31.6,31.592693512143363
31.8,31.84135011081449
32.0,32.043851740528375
32.2,32.08389665621378
32.4,32.382546343145904
32.6,32.785292470666626
32.800000000000004,32.69918164448303
33.0,33.14259867833631
33.2,33.3695995343794
33.4,33.3559101653802
33.6,33.65457252999737
33.800000000000004,33.740274227743456
34.0,33.951237678773914
34.2,34.322449374781215
34.4,34.423825541030794
34.6,34.663614169723985
34.800000000000004,34.81345095277507
35.0,34.91625044050702
35.2,35.2237722121354
35.4,35.40927565714547
35.6,35.65885876470589
35.800000000000004,35.775147718645485
36.0,36.102202225300964
36.2,36.16287176797607
36.4,36.44048664180055
36.6,36.5662807652192
36.800000000000004,36.63789060725564
37.0,37.109945251693595
37.2,37.154171745889485
37.4,37.32650245649535
37.6,37.593416558584124
37.800000000000004,37.89168877312181
38.0,37.86928940550715
38.2,38.178557316910315
38.400000000000006,38.33638621772168
38.6,38.5977437112613
38.800000000000004,38.73120071287517
39.0,39.12738542773639
39.2,39.305232659768876
39.400000000000006,39.42100616376685
39.6,39.59547930962581
39.800000000000004,39.78498104175482
40.0,40.00550382598755
40.2,40.20878962052025
40.400000000000006,40.41040812138083
40.6,40.54369940660374
40.800000000000004,40.768394121462386
41.0,40.91997301089977
41.2,41.15973712971227
41.400000000000006,41.2995334392489
41.6,41.60482749720617
41.800000000000004,41.71805660001107
42.0,41.94868905654941
42.2,42.08396727421501
42.400000000000006,42.44675680936831
42.6,42.620408945176464
42.800000000000004,42.812938050547196
43.0,43.04709463363725
43.2,43.13742158999466
43.400000000000006,43.25283468995619
43.6,43.59499063150255
43.800000000000004,43.78057663583274
44.0,43.96196031118579
44.2,44.15760897724835
44.400000000000006,44.34915135370108
44.6,44.61230816122602
44.800000000000004,44.787699078034095
45.0,44.99159384186852
45.2,45.154129483150854
45.400000000000006,45.311551533729165
45.6,45.52159426853618
45.800000000000004,45.83111191273082
46.0,45.941955664990545
46.2,46.21770093474136
46.400000000000006,46.368303294070046
46.6,46.55588759612555
46.800000000000004,46.74329506138715
47.0,47.08827932028014
47.2,47.0576641953964
47.400000000000006,47.50357234892679
47.6,47.63101220098361
47.800000000000004,47.754401509811466
48.0,47.97667528571608
48.2,48.20204655517173
48.400000000000006,48.345833771383
48.6,48.55818758539213
48.800000000000004,48.81492474360402
49.0,48.9823594336872
49.2,49.18107627670673
49.400000000000006,49.36509005476145
49.6,49.56469762864157
49.800000000000004,49.90349192854417
50.0,49.999417424972286
50.2,50.20074398549179
50.400000000000006,50.35653286682464
50.6,50.65713665012511
50.800000000000004,50.76950147365338
51.0,51.010945332818956
51.2,51.22004213167527
51.400000000000006,51.47618538670991
51.6,51.60577026574527
51.800000000000004,51.770120037331935
52.0,51.957654904028864
52.2,52.18756635495757
52.400000000000006,52.38014266345958
52.6,52.617697965225595
52.800000000000004,52.82987381085512
53.0,53.034193430944406
53.2,53.20791236987187
53.400000000000006,53.39642208907919
53.6,53.568976613578606
53.800000000000004,53.7499638653928
54.0,53.97226328125887
54.2,54.21994317101078
54.400000000000006,54.40421879152765
54.6,54.49996526363166
54.800000000000004,54.82715937725021
55.0,54.959371104068104
55.2,55.195521915521596
55.400000000000006,55.40749532039057
55.6,55.616584261927166
55.800000000000004,55.84764070663119
56.0,56.005047785045846
56.2,56.175202788587434
56.400000000000006,56.32975894682865
56.6,56.56065582581278
56.800000000000004,56.86556054737265
57.0,57.098053188687935
57.2,57.154559727672606
57.400000000000006,57.427361382524786
57.6,57.510388218871554
57.800000000000004,57.74201204033891
58.0,57.998901578962446
58.2,58.16923675625409
58.400000000000006,58.42525117279657
58.6,58.51148964129096
58.800000000000004,58.7111129178879
59.0,59.045974674611124
59.2,59.2933045554084
59.400000000000006,59.29431506208081
59.6,59.69389118242355
59.800000000000004,59.8150147937379
60.0,59.992609041468526
60.2,60.16333744354363
60.400000000000006,60.334560830019015
60.6,60.54604016815832
60.800000000000004,60.74326056992719
61.0,60.972006703738025
61.2,61.12481711100021
61.400000000000006,61.39947411562414
61.6,61.63645335324809
61.800000000000004,61.80371031710727
62.0,61.99003589214837
62.2,62.22224251495261
62.400000000000006,62.38087367088207
62.6,62.657417138970786
62.800000000000004,62.80356005117967
63.0,62.99615157207787
63.2,63.1498337242321
63.400000000000006,63.496065700687595
63.6,63.59970421169711
63.800000000000004,63.77639410156035
64.0,63.985709633087744
64.2,64.11172670381416
64.4,64.42903191530058
64.60000000000001,64.50183021773957
64.8,64.80210266398521
65.0,65.01606479247697
65.2,65.21720010967414
65.4,65.42893229915668
65.60000000000001,65.62966950569059
65.8,65.8105495396292
66.0,66.00510237764999
66.2,66.23006995032894
66.4,66.40458285797881
66.60000000000001,66.56134195700706
66.8,66.80662432359573
67.0,67.01731910063329
67.2,67.20474718518662
67.4,67.35622412051774
67.60000000000001,67.62569996735878
67.8,67.83800197631992
68.0,68.0158340905599
68.2,68.22443310429338
68.4,68.3662706813214
68.60000000000001,68.60047662315982
68.8,68.74490326499425
69.0,68.98199047538763
69.2,69.25342060550321
69.4,69.40742251599865
69.60000000000001,69.6332998317034
69.8,69.81820942070252
70.0,70.0399461296992
70.2,70.20019401190994
70.4,70.39842566729386
70.60000000000001,70.56191787962156
70.8,70.83528823995567
71.0,71.02716280141019
71.2,71.2480330170879
71.4,71.43889040630977
71.60000000000001,71.61780663140019
71.8,71.82001702799283
72.0,72.04170987454643
72.2,72.20306874157473
72.4,72.43611561956496
72.60000000000001,72.58547935929047
72.8,72.81011931923528
73.0,73.01293979406262
73.2,73.21158828298432
73.4,73.42178949124956
73.60000000000001,73.57635873936569
73.8,73.78779867529525
74.0,74.01507157083974
74.2,74.13367527435928
74.4,74.39830688518013
74.60000000000001,74.60172764100327
74.8,74.76326376257114
75.0,74.99978704113032
75.2,75.17142697713017
75.4,75.41778740463472
75.60000000000001,75.5835477724923
75.8,75.78684540314197
76.0,75.9650366275469
76.2,76.20892318072009
76.4,76.39898712127108
76.60000000000001,76.63886045139974
76.80000000000001,76.8449544656234
77.0,77.00955809321378
77.2,77.17384779579065
77.4,77.42089988704194
77.60000000000001,77.62168321369928
77.80000000000001,77.7975518427919
78.0,77.99551407118021
78.2,78.2039530629608
78.4,78.38097959103307
78.60000000000001,78.63511298037977
78.80000000000001,78.8055981804071
79.0,79.01977504522833
79.2,79.17988663484037
79.4,79.39260464143054
79.60000000000001,79.61240584278207
79.80000000000001,79.81058929206954
80.0,80.02849282644834
80.2,80.21388589350876
80.4,80.42432624568882
80.60000000000001,80.6071234127709
80.80000000000001,80.75433655086081
81.0,80.98922996613871
81.2,81.18851790531392
81.4,81.38255425777493
81.60000000000001,81.62474149535207
81.80000000000001,81.80761638653038
82.0,81.96831820967179
82.2,82.19199720945699
82.4,82.41109908907092
82.60000000000001,82.63733580281463
82.80000000000001,82.80685298659405
83.0,83.0127970297663
83.2,83.1644903499609
83.4,83.40963458308909
83.60000000000001,83.59037507129067
83.80000000000001,83.77520945658286
84.0,84.008013007225
84.2,84.21766452587184
84.4,84.41014407072916
84.60000000000001,84.59355705639743
84.80000000000001,84.80781207992358
85.0,84.97673322350204
85.2,85.18800254213609
85.4,85.39826562650121
85.60000000000001,85.60928720620605
85.80000000000001,85.78551613217522
86.0,85.98962753921906
86.2,86.15591199488615
86.4,86.40561272131114
86.60000000000001,86.5947792685031
86.80000000000001,86.79396052705215
87.0,86.9788257559436
87.2,87.1950851032302
87.4,87.39907994691737
87.60000000000001,87.60583062359093
87.80000000000001,87.79823107543508
88.0,88.01089710209064
88.2,88.2248209864249
88.4,88.38035374753028
88.60000000000001,88.60385553036619
88.80000000000001,88.80610771535139
89.0,88.96884253634079
89.2,89.19614547295154
89.4,89.43609669324802
89.60000000000001,89.59295245782732
89.80000000000001,89.76856737092403
90.0,90.02767292913634
90.2,90.18742157314756
90.4,90.41080195063408
90.60000000000001,90.58821741642015
90.80000000000001,90.7796999016244
91.0,91.00681675198337
91.2,91.18557439895287
91.4,91.40743966873325
91.60000000000001,91.6020405254557
91.80000000000001,91.81357206408562
92.0,92.00430744885439
92.2,92.20052378483912
92.4,92.36904921893213
92.60000000000001,92.58791258070595
92.80000000000001,92.80116808997627
93.0,92.98389800428728
93.2,93.21413658380243
93.4,93.3975996685959
93.60000000000001,93.59239358782027
93.80000000000001,93.79658943117724
94.0,93.9920958467466
94.2,94.19621512204381
94.4,94.40559195920781
94.60000000000001,94.61334018915737
94.80000000000001,94.80268367354103
95.0,94.9822859685129
95.2,95.20080458649628
95.4,95.38871135585488
95.60000000000001,95.58685379644247
95.80000000000001,95.80189289875672
96.0,96.01211000995637
96.2,96.18348853080272
96.4,96.3815849799468
96.60000000000001,96.60856947098759
96.80000000000001,96.7990356285543
97.0,96.99860881221467
97.2,97.18534419304957
97.4,97.40596531454426
97.60000000000001,97.59434774579157
97.80000000000001,97.80089899197125
98.0,97.98839377097819
98.2,98.21269294963936
98.4,98.40145548705473
98.60000000000001,98.59812911947307
98.80000000000001,98.80158825768957
99.0,99.00112774752533
99.2,99.19534289335182
99.4,99.40073277665188
99.60000000000001,99.5940607745765
99.80000000000001,99.79889118095512
100.0,100.00699636181535
100.2,100.20507815210571
100.4,100.41015794253913
100.60000000000001,100.60384514519842
100.80000000000001,100.80968130353332
101.0,101.00125061327411
101.2,101.20068534854133
101.4,101.39805573800406
101.60000000000001,101.60044972449546
101.80000000000001,101.80233440063212
102.0,102.00129667696258
102.2,102.19940643178825
102.4,102.39234819583461
102.60000000000001,102.59900510666503
102.80000000000001,102.7965946758898
103.0,103.00437528282474
103.2,103.20442864693062
103.4,103.39914783009294
103.60000000000001,103.60334304834524
103.80000000000001,103.8110511753969
104.0,103.99747809734447
104.2,104.19671935960329
104.4,104.39509952047513
104.60000000000001,104.58853408023792
104.80000000000001,104.80298265544306
105.0,105.00822295583721
105.2,105.19844210837951
105.4,105.40008515830833
105.60000000000001,105.59521486737027
105.80000000000001,105.80178108494756
106.0,105.99161075977436
106.2,106.20247902055685
106.4,106.3974918657823
106.60000000000001,106.6058758809288
106.80000000000001,106.79513653302912
107.0,107.00028136294546
107.2,107.19293905155692
107.4,107.3892456443822
107.60000000000001,107.59988152624493
107.80000000000001,107.79902534598719
108.0,107.99633912490647
108.2,108.18355701217803
108.4,108.4018563908971
108.60000000000001,108.60463840175514
108.80000000000001,108.79642152435298
109.0,109.00379847384522
109.2,109.20242573556982
109.4,109.39846692093188
109.60000000000001,109.59509264866804
109.80000000000001,109.79628831652659
110.0,109.99629379357019
110.2,110.20126601902602
110.4,110.40325590440808
110.60000000000001,110.59967998049312
110.80000000000001,110.79671421259282
111.0,110.99426044971807
111.2,111.1990338055977
111.4,111.3973185323674
111.60000000000001,111.60406471133987
111.80000000000001,111.79053941468314
112.0,111.99221498413802
112.2,112.19304061910395
112.4,112.39568908965992
112.60000000000001,112.5947044109563
112.80000000000001,112.80650794095986
113.0,113.00219468363201
113.2,113.19673524221425
113.4,113.39810764052265
113.60000000000001,113.60030712284707
113.80000000000001,113.79969638304931
114.0,113.99590225882343
114.2,114.20042541104628
114.4,114.39877845689301
114.60000000000001,114.59681380425495
114.80000000000001,114.80343450005134
115.0,114.99911478414496
115.2,115.19731447943009
115.4,115.40931684378023
115.60000000000001,115.60157594213365
115.80000000000001,115.79498761771374
116.0,116.00127165653524
116.2,116.20194595420244
116.4,116.39563522689264
116.60000000000001,116.60595241054693
116.80000000000001,116.80511833663861
117.0,116.99731051314082
117.2,117.19876293815724
117.4,117.40681781186726
117.60000000000001,117.59380483453234
117.80000000000001,117.8010169938898
118.0,117.99644385744105
118.2,118.19102814106408
118.4,118.40658146144673
118.60000000000001,118.61144681154555
118.80000000000001,118.79665797980297
119.0,119.00308395818607
119.2,119.20037615979638
119.4,119.40136671582022
119.60000000000001,119.59921946643045
119.80000000000001,119.80012397712562
120.0,120.00320485785032
120.2,120.20355220960379
120.4,120.39784929213609
120.60000000000001,120.59531675863474
120.80000000000001,120.80216403482967
121.0,120.99921399841125
121.2,121.19579244982783
121.4,121.40087413723472
121.60000000000001,121.60522739410291
121.80000000000001,121.80065516407534
122.0,121.9902022660079
122.2,122.2080327474522
122.4,122.40246866749038
122.60000000000001,122.60214989213917
122.80000000000001,122.80239954484854
123.0,123.00078048650674
123.2,123.20671306150055
123.4,123.4079274351811
123.60000000000001,123.60165645015748
123.80000000000001,123.8041966507899
124.0,123.99958413926959
124.2,124.1985526479226
124.4,124.40315590371272
124.60000000000001,124.60021057385151
124.80000000000001,124.80477896947434
125.0,125.00495795007771
125.2,125.21112338333401
125.4,125.40282998691825
125.60000000000001,125.60275835036023
125.80000000000001,125.80172395537332
126.0,125.99948417265433
126.2,126.19554115407266
126.4,126.39504916547351
126.60000000000001,126.59986441861315
126.80000000000001,126.79417788432878
127.0,127.00333609832114
127.2,127.19686872946973
127.4,127.4028532278113
127.60000000000001,127.59375473388067
127.80000000000001,127.79496133061691
128.0,128.01090592133812
128.20000000000002,128.2009803100869
128.4,128.38538103310742
128.6,128.5832459152524
128.8,128.7998577423764
129.0,129.00053803971295
129.20000000000002,129.20341760866793
129.4,129.40022994198688
129.6,129.60390904538994
129.8,129.79895214776835
130.0,130.00139614702368
130.20000000000002,130.2077619731723
130.4,130.39897023266704
130.6,130.60008680757412
130.8,130.80140022799353
131.0,131.00286987721
131.20000000000002,131.19505044512275
131.4,131.3906849364322
131.6,131.59243906269165
131.8,131.80998926009065
132.0,131.99279255501537
132.20000000000002,132.19605010144076
132.4,132.39003429578034
132.6,132.6108061420669
132.8,132.79866524503242
133.0,133.0041066938383
133.20000000000002,133.1952864764013
133.4,133.39951756455537
133.6,133.59839487089835
133.8,133.80162017709338
134.0,134.00160471590198
134.20000000000002,134.2063094953717
134.4,134.4001905604288
134.6,134.59754732125737
134.8,134.8037626851878
135.0,134.99302718896547
135.20000000000002,135.20883955527026
135.4,135.4038947776356
135.6,135.60866229891482
135.8,135.79335979161314
136.0,136.00614012597924
136.20000000000002,136.1976731202146
136.4,136.40545290322822
136.6,136.59805368415405
136.8,136.80327741426078
137.0,136.9925757836422
137.20000000000002,137.20141801802635
137.4,137.3990591607314
137.6,137.59251970690227
137.8,137.79041299388254
138.0,138.00733749164536
138.20000000000002,138.20354231424892
138.4,138.40132854768325
138.6,138.6008456912144
138.8,138.81093260296967
139.0,138.99404974313376
139.20000000000002,139.19101909543605
139.4,139.39629123704105
139.6,139.6077115626984
139.8,139.79658252417383
140.0,140.00063947322593
140.20000000000002,140.20700726734478
140.4,140.3938255414846
140.6,140.60053071565568
140.8,140.79959274893693
141.0,141.00531963294625
141.20000000000002,141.20225462217465
141.4,141.4012192152393
141.6,141.5992439606591
141.8,141.81020774135393
142.0,142.00153473052487
142.20000000000002,142.20048742224424
142.4,142.39503368141325
142.6,142.60129378434513
142.8,142.80509517695225
143.0,143.0051494315905
143.20000000000002,143.19937797247417
143.4,143.4056750824466
143.6,143.5934051439519
143.8,143.80119518165316
144.0,143.9989338681109
144.20000000000002,144.1995057522942
144.4,144.40190165054966
144.6,144.59795678096762
144.8,144.79666942174478
145.0,144.99906358649605
145.20000000000002,145.19742996865548
145.4,145.39770565771204
145.6,145.59969425418464
145.8,145.80332933840677
146.0,145.99581549034545
146.20000000000002,146.2015341791649
146.4,146.39753617150805
146.6,146.59989163941287
146.8,146.7957253960624
147.0,146.99920092820165
147.20000000000002,147.20126929644474
147.4,147.39750732343538
147.6,147.59937020008064
147.8,147.7953723571551
148.0,147.99679266106975
148.20000000000002,148.19609870958902
148.4,148.38935221892723
148.6,148.59994184888305
148.8,148.80465933721194
149.0,148.99088416912957
149.20000000000002,149.20191189975543
149.4,149.39177467884326
149.6,149.60081881844147
149.8,149.79863056775963
150.0,149.9983219008612
150.20000000000002,150.20175865720626
150.4,150.39903820059158
150.6,150.59362819842733
150.8,150.79286246371072
151.0,151.00608746457243
151.20000000000002,151.19674524610951
151.4,151.4022015014552
151.6,151.59505078206007
151.8,151.794300948769
152.0,151.99161050418763
152.20000000000002,152.20361199887165
152.4,152.39475261866602
152.6,152.5965172393859
152.8,152.79732284286064
153.0,153.00043127353894
153.20000000000002,153.19422342789514
153.4,153.40427238584803
153.60000000000002,153.60077973290666
153.8,153.80262031061415
154.0,153.99814590745433
154.20000000000002,154.1974381940479
154.4,154.3961306533559
154.60000000000002,154.59340332863107
154.8,154.80265140357562
155.0,154.99790023508828
155.20000000000002,155.1972302785302
155.4,155.40423552698633
155.60000000000002,155.6064459352014
155.8,155.80196277253683
156.0,156.0070137275644
156.20000000000002,156.20968655696888
156.4,156.40747009259815
156.60000000000002,156.6007390340435
156.8,156.79620756217713
157.0,157.0024416589145
157.20000000000002,157.2000132355754
157.4,157.396052994251
157.60000000000002,157.60341206415856
157.8,157.81459034876244
158.0,157.99639683968533
158.20000000000002,158.19835721599597
158.4,158.39508853467888
158.60000000000002,158.59813703385913
158.8,158.79265725994674
159.0,158.99720115978903
159.20000000000002,159.19910526244206
159.4,159.39828443607482
159.60000000000002,159.59543183635117
159.8,159.80384786157913
160.0,159.98927123842253
160.20000000000002,160.2068951607237
160.4,160.40204925728673
160.60000000000002,160.60930562006095
160.8,160.80129095074307
161.0,161.00528536786737
161.20000000000002,161.207171824626
161.4,161.39310620409387
161.60000000000002,161.5974671274137
161.8,161.797818825565
162.0,162.0088611579494
162.20000000000002,162.2076960293124
162.4,162.39360647015897
162.60000000000002,162.6066474667277
162.8,162.79814487595632
163.0,163.00223011513003
163.20000000000002,163.20008176791083
163.4,163.39635459496313
163.60000000000002,163.6005525038817
163.8,163.79111303957075
164.0,163.99191101043547
164.20000000000002,164.1969567588785
164.4,164.39297127777996
164.60000000000002,164.60556031350933
164.8,164.80501452783554
165.0,164.9968037062364
165.20000000000002,165.19762956183024
165.4,165.3983929781236
165.60000000000002,165.6038354845935
165.8,165.80032515572483
166.0,166.00193087576562
166.20000000000002,166.2111841601412
166.4,166.40949323222185
166.60000000000002,166.6004168610921
166.8,166.79461640067979
167.0,166.99937728026552
167.20000000000002,167.1904340625569
167.4,167.39316604978217
167.60000000000002,167.60872002547327
167.8,167.811720460133
168.0,168.0050464955319
168.20000000000002,168.19197406865317
168.4,168.39692046343225
168.60000000000002,168.59498942910457
168.8,168.80399771439153
169.0,168.9960624018461
169.20000000000002,169.20141977285542
169.4,169.397253045446
169.60000000000002,169.60496756364023
169.8,169.7856084596379
170.0,169.98826325134178
170.20000000000002,170.2026063147443
170.4,170.4005751535915
170.60000000000002,170.6031036962164
170.8,170.80007356158868
171.0,170.9991502082485
171.20000000000002,171.20549505699086
171.4,171.39694101104143
171.60000000000002,171.6008722590473
171.8,171.7998685232071
172.0,172.00411518706787
172.20000000000002,172.1996609552989
172.4,172.39495887606915
172.60000000000002,172.59751000369928
172.8,172.79425939320862
173.0,172.99734638173322
173.20000000000002,173.208860415019
173.4,173.39754973904704
173.60000000000002,173.59506734794172
173.8,173.80271902437508
174.0,174.00267378433776
174.20000000000002,174.19527718580994
174.4,174.3980227688635
174.60000000000002,174.6041521861888
174.8,174.80242834241378
175.0,175.00411270136226
175.20000000000002,175.2045844740912
175.4,175.39483199002512
175.60000000000002,175.5980449450821
175.8,175.80700065788832
176.0,176.0123122591108
176.20000000000002,176.20040850129237
176.4,176.39751833697946
176.60000000000002,176.60464592723437
176.8,176.80177480259397
177.0,176.99705769271299
177.20000000000002,177.19745216518976
177.4,177.40408851112272
177.60000000000002,177.59864102334785
177.8,177.7989493188667
178.0,178.0023942826137
178.20000000000002,178.20167657490825
178.4,178.39456969438677
178.60000000000002,178.60160368438525
178.8,178.79374665008615
179.0,178.99858556469445
179.20000000000002,179.20882584443825
179.4,179.40146934644852
179.60000000000002,179.60251035318663
179.8,179.7899512210408
180.0,179.99422916257433
180.20000000000002,180.19702119297935
180.4,180.407696331134
180.60000000000002,180.59920617485102
180.8,180.7890172628295
181.0,180.9995366318135
181.20000000000002,181.20054170268537
181.4,181.40211615357885
181.60000000000002,181.6005612411009
181.8,181.80105762684008
182.0,182.0005474911036
182.20000000000002,182.1982142126402
182.4,182.40249004972762
182.60000000000002,182.59618897124005
182.8,182.79979428901285
183.0,183.00534367921017
183.20000000000002,183.19826088332997
183.4,183.39605702736299
183.60000000000002,183.59300291050846
183.8,183.79572049379868
184.0,184.00248439085854
184.20000000000002,184.20526174286172
184.4,184.39776871542304
184.60000000000002,184.59328441156634
184.8,184.80220489595592
185.0,184.9981209606968
185.20000000000002,185.19567888572206
185.4,185.40428993585567
185.60000000000002,185.60236990757906
185.8,185.80189678744748
186.0,185.99565713406923
186.20000000000002,186.20232513311956
186.4,186.3992229938923
186.60000000000002,186.59929228680272
186.8,186.80397984389967
187.0,187.0041510721984
187.20000000000002,187.19777840142098
187.4,187.39059345669085
187.60000000000002,187.59842285094498
187.8,187.7998636656271
188.0,188.00006702039653
188.20000000000002,188.19999159731128
188.4,188.4092668287417
188.60000000000002,188.60059128280636
188.8,188.80338932826686
189.0,188.99962283430148
189.20000000000002,189.19797820530903
189.4,189.4015149182247
189.60000000000002,189.6047727498359
189.8,189.8054385062563
190.0,189.99382592426335
190.20000000000002,190.19643281498207
190.4,190.4021061865012
190.60000000000002,190.59875091881233
190.8,190.79942959700958
191.0,190.99563556640823
191.20000000000002,191.21078483316654
191.4,191.39852659962386
191.60000000000002,191.59352099992574
191.8,191.8006423298662
192.0,191.99117153822257
192.20000000000002,192.19587641428834
192.4,192.3986171981789
192.60000000000002,192.61049840239954
192.8,192.79458111983132
193.0,193.00172618440337
193.20000000000002,193.19428652834668
193.4,193.40570902330046
193.60000000000002,193.597785013644
193.8,193.79553892450645
194.0,193.99576154391804
194.20000000000002,194.21038531438947
194.4,194.39420791737098
194.60000000000002,194.5968959934513
194.8,194.81056187129136
195.0,195.00580630149543
195.20000000000002,195.19546600480405
195.4,195.3923554307104
195.60000000000002,195.59806120893953
195.8,195.79975508012248
196.0,195.9993816207065
196.20000000000002,196.20649928968177
196.4,196.4020149460005
196.60000000000002,196.60764300919564
196.8,196.78725290173125
197.0,197.00416989996737
197.20000000000002,197.19509423609762
197.4,197.40055702461908
197.60000000000002,197.59545699243995
197.8,197.79970924592283
198.0,198.00727908088922
198.20000000000002,198.1892569195109
198.4,198.39777870540073
198.60000000000002,198.59244095947778
198.8,198.78529358187905
199.0,198.99700845462857
199.20000000000002,199.20466042913793
199.4,199.40259294424277
199.60000000000002,199.60177909604016
199.8,199.79892578883644
200.0,200.0054180064581
200.20000000000002,200.19070857513668
200.4,200.40645213665033
200.60000000000002,200.59288518859447
200.8,200.80265592206837
201.0,200.9996556287109
201.20000000000002,201.20341800950683
201.4,201.39388613762011
201.60000000000002,201.6058061452084
201.8,201.81185049677194
202.0,202.00281073183675
202.20000000000002,202.1970713003101
202.4,202.3963210607444
202.60000000000002,202.59749197410036
202.8,202.80173885425359
203.0,202.99973583089755
203.20000000000002,203.19589126377275
203.4,203.399029349481
203.60000000000002,203.60254510865016
203.8,203.8050243720997
204.0,203.9888609838326
204.20000000000002,204.20511832468983
204.4,204.39724690185204
204.60000000000002,204.59345164336216
204.8,204.79831081640663
205.0,205.0134125666355
205.20000000000002,205.20103436446928
205.4,205.40396789481827
205.60000000000002,205.5994008282702
205.8,205.8006888117374
206.0,206.00502985665284
206.20000000000002,206.1986727100637
206.4,206.40093296208312
206.60000000000002,206.6045429151535
206.8,206.80187032015994
207.0,207.0030555566676
207.20000000000002,207.20473820790306
207.4,207.393037845172
207.60000000000002,207.59991667868337
207.8,207.80496201783615
208.0,207.99889063695844
208.20000000000002,208.19580408805223
208.4,208.40260503524632
208.60000000000002,208.59833777464073
208.8,208.80525518190643
209.0,209.0044630484531
209.20000000000002,209.1911741150305
209.4,209.3955721907384
209.60000000000002,209.59715048745963
209.8,209.80275203048714
210.0,209.99836982579626
210.20000000000002,210.20309467174292
210.4,210.3975587649664
210.60000000000002,210.6052539724241
210.8,210.79930420151283
211.0,211.0000401200687
211.20000000000002,211.20852299638273
211.4,211.39857046894977
211.60000000000002,211.59410256637523
211.8,211.80331709395819
212.0,212.00011047877774
212.20000000000002,212.20172350883902
212.4,212.40560058580223
212.60000000000002,212.60009530333738
212.8,212.80446635176364
213.0,212.99513756004944
213.20000000000002,213.20543131447704
213.4,213.39129280759605
213.60000000000002,213.5982999726368
213.8,213.80858199618413
214.0,214.00717243331226
214.20000000000002,214.19878138500457
214.4,214.39690824656174
214.60000000000002,214.60757503745612
214.8,214.79883779437404
215.0,215.00224956483788
215.20000000000002,215.20222750854325
215.4,215.40108038372887
215.60000000000002,215.61099590629647
215.8,215.79616546805883
216.0,216.0022699787465
216.20000000000002,216.20476926302499
216.4,216.39198107796756
216.60000000000002,216.6041128212237
216.8,216.79730076233832
217.0,217.0046859349992
217.20000000000002,217.19836401915092
217.4,217.39576070607
217.60000000000002,217.60502580852088
217.8,217.7983490776157
218.0,218.00739262545503
218.20000000000002,218.18912392732847
218.4,218.3945744801498
218.60000000000002,218.60262225706543
218.8,218.8089862331265
219.0,218.99318037402045
219.20000000000002,219.20129582709876
219.4,219.3896866062666
219.60000000000002,219.59873475606605
219.8,219.80525095670072
220.0,219.99548721551434
220.20000000000002,220.19566634137115
220.4,220.3986413755467
220.60000000000002,220.60095276670756
220.8,220.80429833305365
221.0,220.99362109964846
221.20000000000002,221.19681032580024
221.4,221.40590377399863
221.60000000000002,221.5911920927071
221.8,221.79911166567823
222.0,221.98807792115355
222.20000000000002,222.1996744304795
222.4,222.38935391454962
222.60000000000002,222.6017832609788
222.8,222.8021155577601
223.0,223.00198439954121
223.20000000000002,223.19426526203847
223.4,223.40154968737818
223.60000000000002,223.60183805329297
223.8,223.80069156237937
224.0,223.99705930803052
224.20000000000002,224.20423201106482
224.4,224.39891556025688
224.60000000000002,224.59673045990334
224.8,224.7985843522613
225.0,224.9985113390286
225.20000000000002,225.19956472488863
225.4,225.3980267890859
225.60000000000002,225.5949129353191
225.8,225.79718582292446
226.0,225.9990912006566
226.20000000000002,226.20124371542752
226.4,226.40081915669066
226.60000000000002,226.5969312778913
226.8,226.7995144168343
227.0,227.00022715130933
227.20000000000002,227.20125805128558
227.4,227.39681838450954
227.60000000000002,227.58918455305528
227.8,227.80609468619562
228.0,227.98944320968465
228.20000000000002,228.1992340428114
228.4,228.4038074755925
228.60000000000002,228.60059524347153
228.8,228.79662063530532
229.0,229.00769484979838
229.20000000000002,229.21113076326856
229.4,229.40253686370093
229.60000000000002,229.6059995591376
229.8,229.7929650056081
230.0,229.99373881558472
230.20000000000002,230.20930461156544
230.4,230.40380506446093
230.60000000000002,230.5983712834862
230.8,230.80506572223578
231.0,231.0031532020864
231.20000000000002,231.20800819474104
231.4,231.39267993349372
231.60000000000002,231.5973252055917
231.8,231.79762271406275
232.0,231.9987097269264
232.20000000000002,232.2003178829157
232.4,232.40574322400593
232.60000000000002,232.60395650220437
232.8,232.8039468821001
233.0,233.00140163168362
233.20000000000002,233.19905562936373
233.4,233.40222451184206
233.60000000000002,233.59798411239998
233.8,233.8052608032969
234.0,234.0033776948546
234.20000000000002,234.19706364050572
234.4,234.3919980432923
234.60000000000002,234.59119693530616
234.8,234.8060009519356
235.0,234.99383933212238
235.20000000000002,235.1910947435041
235.4,235.40240131595658
235.60000000000002,235.59843389802256
235.8,235.7995137830891
236.0,236.00545292826266
236.20000000000002,236.19987674770945
236.4,236.4022184885199
236.60000000000002,236.59732036098106
236.8,236.8074618637609
237.0,236.99713469572998
237.20000000000002,237.19726791199398
237.4,237.40492302668224
237.60000000000002,237.60712473586514
237.8,237.80695883589593
238.0,237.9981839441417
238.20000000000002,238.20041351980868
238.4,238.4043729160226
238.60000000000002,238.60084612528513
238.8,238.80085576909897
239.0,239.00022936066998
239.20000000000002,239.20343506031952
239.4,239.40130984997643
239.60000000000002,239.5997192229763
239.8,239.79753390008966
240.0,239.9909858184625
240.20000000000002,240.20106064162997
240.4,240.39901304170945
240.60000000000002,240.59726510887216
240.8,240.8047751970172
241.0,240.98787852329878
241.20000000000002,241.20388967955196
241.4,241.40030738185064
241.60000000000002,241.59336896355595
241.8,241.8022207545381
242.0,241.99793916322108
242.20000000000002,242.1932479396689
242.4,242.39664726500948
242.60000000000002,242.60541036970085
242.8,242.79540304965383
243.0,243.0014110755578
243.20000000000002,243.20670994671747
243.4,243.40319718344122
243.60000000000002,243.60188499837895
243.8,243.7898806406819
244.0,243.99836899150648
244.20000000000002,244.19853437090336
244.4,244.39384959357335
244.60000000000002,244.58671417677414
244.8,244.80592968717198
245.0,245.00164648121844
245.20000000000002,245.19800464051747
245.4,245.39624420812217
245.60000000000002,245.60630399662415
245.8,245.79943217780175
246.0,246.00226221168998
246.20000000000002,246.20847636484012
246.4,246.40197538771295
246.60000000000002,246.59676765602003
246.8,246.80934750155473
247.0,246.99758656135978
247.20000000000002,247.20042015857211
247.4,247.39941855459455
247.60000000000002,247.60108351628185
247.8,247.80503058630705
248.0,247.99644120015867
248.20000000000002,248.20135147197286
248.4,248.3972341919624
248.60000000000002,248.59920338399485
248.8,248.79304872572402
249.0,248.99655671607394
249.20000000000002,249.2046191856315
249.4,249.40649253139426
249.60000000000002,249.61049748262428
249.8,249.7988185796969
250.0,249.99936545397964
250.20000000000002,250.20128622779455
250.4,250.39113507620925
250.60000000000002,250.5993349843565
250.8,250.79686851959178
251.0,250.998936307672
251.20000000000002,251.20447154726685
251.4,251.39690854426107
251.60000000000002,251.5933273716925
251.8,251.79799709889264
252.0,251.99711070341974
252.20000000000002,252.19898754273999
252.4,252.40240043955734
252.60000000000002,252.599589926178
252.8,252.79544355994062
253.0,252.99169672289705
253.20000000000002,253.20267214976676
253.4,253.38742785101422
253.60000000000002,253.60254292917983
253.8,253.80286485989
254.0,253.99191078443937
254.20000000000002,254.20687412920424
254.4,254.39446520161744
254.60000000000002,254.60423490480915
254.8,254.80564402166402
255.0,254.9973679177114
255.20000000000002,255.19619775057606
255.4,255.39390621609326
255.60000000000002,255.60492756936222
255.8,255.80379186388674
256.0,255.98291332052995
256.2,256.19437728641765
256.40000000000003,256.4001946967326
256.6,256.5987125186707
256.8,256.80314216594786
257.0,257.00459928325216
257.2,257.2029406154903
257.40000000000003,257.4030750734144
257.6,257.60329501922644
257.8,257.81085204320556
258.0,258.0063740708888
258.2,258.19780861753935
258.40000000000003,258.4019866821459
258.6,258.6071653319833
258.8,258.8035911834105
259.0,259.00443117020086
259.2,259.20373085247695
259.40000000000003,259.4020422861532
259.6,259.59981786695255
259.8,259.8036716339639
260.0,259.99403186236253
260.2,260.1970542027266
260.40000000000003,260.39719736617417
260.6,260.6049706047798
260.8,260.7995220235101
261.0,261.00483932997855
261.2,261.2042452217153
261.40000000000003,261.38957958509855
261.6,261.6056915294926
261.8,261.8056692561698
262.0,262.003066581546
262.2,262.20047103400844
262.40000000000003,262.3991777549414
262.6,262.5979146898081
262.8,262.80393355412014
263.0,263.00293416147287
263.2,263.19830290274865
263.40000000000003,263.401325416127
263.6,263.6166829784703
263.8,263.79553513289005
264.0,264.0026687652815
264.2,264.2009078886044
264.40000000000003,264.40007388477835
264.6,264.59774583895654
264.8,264.79297122746476
265.0,265.0026827646551
265.2,265.2043920935242
265.40000000000003,265.39783900878183
265.6,265.5924131087811
265.8,265.79980273547324
266.0,266.00278218951297
266.2,266.1994552109847
266.40000000000003,266.400219667952
266.6,266.6015598169529
266.8,266.8059924460432
267.0,267.00184949185757
267.2,267.1963189089756
267.40000000000003,267.39360702788457
267.6,267.5950145514634
267.8,267.804829872989
268.0,267.99200317379035
268.2,268.2057483710916
268.40000000000003,268.40002124507305
268.6,268.601229196155
268.8,268.7990768245242
269.0,268.99843974570973
269.2,269.19660219981705
269.40000000000003,269.40469598463926
269.6,269.6010410848044
269.8,269.8016541552868
270.0,270.0006609121806
270.2,270.1967223354009
270.40000000000003,270.3993997638459
270.6,270.59685817759026
270.8,270.80943529493675
271.0,270.9977878136431
271.2,271.19632832803865
271.40000000000003,271.4043326484254
271.6,271.5935233435899
271.8,271.8008887158774
272.0,271.9988919209246
272.2,272.2065355736558
272.40000000000003,272.40301593977506
272.6,272.60293549400694
272.8,272.80143372097433
273.0,272.99479953609136
273.2,273.20038094118206
273.40000000000003,273.3931402186498
273.6,273.5992088101104
273.8,273.80224621569494
274.0,274.0013654333164
274.2,274.2081493534428
274.40000000000003,274.3941224064071
274.6,274.599254845156
274.8,274.8029916936304
275.0,275.00496150902336
275.2,275.1913385803303
275.40000000000003,275.3962439855255
275.6,275.60106163805335
275.8,275.80282706709943
276.0,276.0018101045205
276.2,276.19771710991057
276.40000000000003,276.3974197344583
276.6,276.59854072892597
276.8,276.79803339365856
277.0,277.0066483599406
277.2,277.20334926559065
277.40000000000003,277.3997032922302
277.6,277.59627444390543
277.8,277.7955592847835
278.0,277.99367152691974
278.2,278.1949279514049
278.40000000000003,278.3959732808462
278.6,278.59494201928686
278.8,278.7936072922288
279.0,278.99596333866964
279.2,279.20446250130965
279.40000000000003,279.40216195535334
279.6,279.6019068365249
279.8,279.8013828356631
280.0,280.0003610612206
280.2,280.20538970585267
280.40000000000003,280.3946205184737
280.6,280.6013888260171
280.8,280.8032815436293
281.0,281.0030551819856
281.2,281.1988779054302
281.40000000000003,281.4011253557228
281.6,281.60867909597044
281.8,281.80939982356534
282.0,282.002343853632
282.2,282.20925395945795
282.40000000000003,282.3972950726255
282.6,282.59735124376743
282.8,282.7994214768101
283.0,282.9973498228629
283.2,283.20561251161524
283.40000000000003,283.39333266873126
283.6,283.60527159440534
283.8,283.80339207616026
284.0,283.99444259789004
284.2,284.20495489806086
284.40000000000003,284.4039180454604
284.6,284.6023670506083
284.8,284.7949389653936
285.0,285.0027788796235
285.2,285.2028118172816
285.40000000000003,285.40048660999815
285.6,285.60615400518907
285.8,285.80120053111585
286.0,285.9930492675716
286.2,286.2005580391026
286.40000000000003,286.394187825096
286.6,286.5938472940997
286.8,286.80403153013236
287.0,286.99548451771625
287.2,287.1930584547641
287.40000000000003,287.3991149307611
287.6,287.60637981989436
287.8,287.79947178528147
288.0,287.9980046102589
288.2,288.1966307827525
288.40000000000003,288.40797402141095
288.6,288.6025422364652
288.8,288.7985124691319
289.0,288.99711963356623
289.2,289.2049915984472
289.40000000000003,289.404129624324
289.6,289.6076026595429
289.8,289.80830749492543
290.0,289.99569626169557
290.2,290.19587221257746
290.40000000000003,290.40177807057364
290.6,290.6054818012595
290.8,290.8018890085969
291.0,291.0024057119399
291.2,291.20501115533517
291.40000000000003,291.39693975207257
291.6,291.6015091864275
291.8,291.79987590226676
292.0,292.00471601214565
292.2,292.19786234808987
292.40000000000003,292.4045233609882
292.6,292.5931070620192
292.8,292.8049631105165
293.0,292.99902707491964
293.2,293.1999363877158
293.40000000000003,293.40192862224916
293.6,293.5939434479081
293.8,293.7934676332999
294.0,293.99653168379155
294.2,294.2026270344113
294.40000000000003,294.402010027606
294.6,294.5986596558376
294.8,294.80698119309454
295.0,295.00111216508344
295.2,295.19470079574825
295.40000000000003,295.39328400350536
295.6,295.6004408554989
295.8,295.79513842484346
296.0,296.008555633425
296.2,296.2095477822077
296.40000000000003,296.3957901014575
296.6,296.6011423942358
296.8,296.79299376190045
297.0,297.00146782824277
297.2,297.20446917194016
297.40000000000003,297.40514345144805
297.6,297.6028673424054
297.8,297.7989346223668
298.0,298.0066580770192
298.2,298.2034914846388
298.40000000000003,298.3937847143403
298.6,298.5951591262134
298.8,298.79992687797903
299.0,298.9935982635863
299.2,299.2013248028448
299.40000000000003,299.3942153088064
299.6,299.6063575586267
299.8,299.803226499317
300.0,300.0001209067322
300.2,300.20360187658133
300.40000000000003,300.3959370171476
300.6,300.59797065998373
300.8,300.81195568489505
301.0,300.99611561710935
301.2,301.1983391628135
301.40000000000003,301.40185732688707
301.6,301.60692531725124
301.8,301.79942684161887
302.0,302.0020681770437
302.2,302.20408592857007
302.40000000000003,302.40644464294706
302.6,302.597738194236
302.8,302.7947000611393
303.0,302.9991494669605
303.2,303.1996723193936
303.40000000000003,303.3948914678358
303.6,303.5963932027821
303.8,303.8046384013022
304.0,304.0053563612788
304.2,304.20379248192427
304.40000000000003,304.4020379408815
304.6,304.6048962300166
304.8,304.7954903850613
305.0,305.00901658845385
305.2,305.1921210404279
305.40000000000003,305.40766605368145
305.6,305.60314218406666
305.8,305.81010568459857
306.0,306.00052720643566
306.2,306.2043103545054
306.40000000000003,306.39735116354495
306.6,306.60019235428933
306.8,306.8050928184169
307.0,306.9884701890413
307.20000000000005,307.2010430331686
307.40000000000003,307.39597651066333
307.6,307.5931180335318
307.8,307.80366191822304
308.0,308.0008342661637
308.20000000000005,308.199506796901
308.40000000000003,308.4050726232295
308.6,308.6002211227832
308.8,308.8010637592213
309.0,308.9937373127481
309.20000000000005,309.1988431497052
309.40000000000003,309.40324053260156
309.6,309.5952214455591
309.8,309.802575840549
310.0,310.00098812077476
310.20000000000005,310.1972997622569
310.40000000000003,310.39901124998664
310.6,310.59808740431873
310.8,310.79944961887304
311.0,311.0037487744147
311.20000000000005,311.1958053839899
311.40000000000003,311.4003941224602
311.6,311.60309550211446
311.8,311.80798133709266
312.0,311.9970469364541
312.20000000000005,312.1885029485738
312.40000000000003,312.4010072989259
312.6,312.60445145901116
312.8,312.7944654990268
313.0,313.0015318206474
313.20000000000005,313.2010612095396
313.40000000000003,313.4023612802936
313.6,313.6015012162556
313.8,313.805301489542
314.0,314.0048742164431
314.20000000000005,314.1980888533305
314.40000000000003,314.4009098569537
314.6,314.6029237311931
314.8,314.8001456624802
315.0,315.00114731263767
315.20000000000005,315.20537953301954
315.40000000000003,315.3966434759983
315.6,315.59451427405565
315.8,315.80409488605795
316.0,315.99791582358887
316.20000000000005,316.21160978296547
316.40000000000003,316.39850156215704
316.6,316.60257689793644
316.8,316.80324477881317
317.0,316.99886986196003
317.20000000000005,317.2026897986468
317.40000000000003,317.3994572097448
317.6,317.61097868852994
317.8,317.79288931179093
318.0,318.00159677272313
318.20000000000005,318.20841769993723
318.40000000000003,318.3913252208694
318.6,318.6003522394032
318.8,318.8036622346037
319.0,319.00552112137893
319.20000000000005,319.2080382831881
319.40000000000003,319.39975758512173
319.6,319.6053546177263
319.8,319.80470761497503
320.0,320.0013488153494
320.20000000000005,320.20470891733555
320.40000000000003,320.4027529681109
320.6,320.6012065791074
320.8,320.7981570387208
321.0,321.00753931107545
321.20000000000005,321.2039718773393
321.40000000000003,321.3934776996948
321.6,321.5957636493026
321.8,321.7956994770124
322.0,322.00446133500947
322.20000000000005,322.20936151798827
322.40000000000003,322.399511303154
322.6,322.5968336804321
322.8,322.7983162497926
323.0,322.9998026123652
323.20000000000005,323.192944821257
323.40000000000003,323.4015944039912
323.6,323.60066523255216
323.8,323.7990793033459
324.0,323.99783124672297
324.20000000000005,324.20070941903793
324.40000000000003,324.3984317785766
324.6,324.5993990680079
324.8,324.79847007523466
325.0,325.00324767316914
325.20000000000005,325.20023373601714
325.40000000000003,325.3985588858883
325.6,325.5993144179849
325.8,325.79883987214083
326.0,326.0045750540603
326.20000000000005,326.20153103827863
326.40000000000003,326.3923246275841
326.6,326.5960909438972
326.8,326.79636827121266
327.0,326.99638889186707
327.20000000000005,327.1977239306512
327.40000000000003,327.4044657097573
327.6,327.6018282578807
327.8,327.80449118564036
328.0,328.0065127345419
328.20000000000005,328.19486415722076
328.40000000000003,328.3978202037495
328.6,328.59854523269934
328.8,328.79554786038307
329.0,328.9962307320772
329.20000000000005,329.20126436715407
329.40000000000003,329.39981786312325
329.6,329.6017744712771
329.8,329.8021829767127
330.0,329.9947418831158
330.20000000000005,330.1910854112092
330.40000000000003,330.39719989567334
330.6,330.59249584454994
330.8,330.79944636901814
331.0,330.9918689925741
331.20000000000005,331.20177087989947
331.40000000000003,331.40092795329116
331.6,331.5986025798647
331.8,331.80270830405294
332.0,332.00267326257625
332.20000000000005,332.2020771501607
332.40000000000003,332.4032425207574
332.6,332.59713262534126
332.8,332.7909533747612
333.0,333.0069923873405
333.20000000000005,333.2014317532462
333.40000000000003,333.39903677604013
333.6,333.60002462049715
333.8,333.79157104061574
334.0,333.99613524473335
334.20000000000005,334.19967771322445
334.40000000000003,334.40054143119926
334.6,334.60020744439
334.8,334.80219808126986
335.0,334.99814766109625
335.20000000000005,335.20421281673174
335.40000000000003,335.40655781307134
335.6,335.60243484268955
335.8,335.80544623763075
336.0,336.0044718904466
336.20000000000005,336.20379006486434
336.40000000000003,336.3988065224885
336.6,336.60458960591836
336.8,336.8017340443387
337.0,336.9995746561164
337.20000000000005,337.19712221481507
337.40000000000003,337.4048583084634
337.6,337.60588406172525
337.8,337.7981341511019
338.0,338.00083502834013
338.20000000000005,338.2126521801774
338.40000000000003,338.39181830512985
338.6,338.6082608702529
338.8,338.8093467058489
339.0,338.990929949604
339.20000000000005,339.1961393601605
339.40000000000003,339.4095156362778
339.6,339.6044342551243
339.8,339.79731305269814
340.0,340.00593432312866
340.20000000000005,340.2069072213
340.40000000000003,340.39496234600284
340.6,340.59690340587844
340.8,340.7923973636946
341.0,341.00118678605725
341.20000000000005,341.2025603564734
341.40000000000003,341.3965489470008
341.6,341.5976607870508
341.8,341.7941898212187
342.0,342.00400560243656
342.20000000000005,342.1932429893606
342.40000000000003,342.4036611437786
342.6,342.5997248458994
342.8,342.79343733840756
343.0,343.0023437042933
343.20000000000005,343.2022253477716
343.40000000000003,343.3960863831029
343.6,343.59503988642064
343.8,343.798036126344
344.0,344.00444382490497
344.20000000000005,344.1936806797643
344.40000000000003,344.4035489598397
344.6,344.5945306605493
344.8,344.7977134629691
345.0,344.98848014263484
345.20000000000005,345.19602196757063
345.40000000000003,345.40427786412874
345.6,345.6010288279743
345.8,345.7928366259981
346.0,346.0006115643921
346.20000000000005,346.2019683321824
346.40000000000003,346.3982678127496
346.6,346.6029500579923
346.8,346.8057331397879
347.0,346.99727062318937
347.20000000000005,347.2021646881765
347.40000000000003,347.4004890569071
347.6,347.5979359311884
347.8,347.8002046772403
348.0,348.0035077833719
348.20000000000005,348.20599683679023
348.40000000000003,348.40138148946534
348.6,348.60385047422665
348.8,348.7984206937043
349.0,348.99693988658635
349.20000000000005,349.1883450874554
349.40000000000003,349.40125983518993
349.6,349.59269454443523
349.8,349.7992523031965
350.0,349.99135764122116
350.20000000000005,350.197878947437
350.40000000000003,350.3999898999313
350.6,350.5975138479135
350.8,350.7945870596972
351.0,351.00092126881026
351.20000000000005,351.1938001338729
351.40000000000003,351.3973005961777
351.6,351.60592105761503
351.8,351.7924354493527
352.0,352.0008921514259
352.20000000000005,352.2046903437601
352.40000000000003,352.3969597659842
352.6,352.605942309348
352.8,352.80894467151063
353.0,353.00752504984496
353.20000000000005,353.1894712635757
353.40000000000003,353.4031944034526
353.6,353.5853533009133
353.8,353.7968953833769
354.0,354.00854605087505
354.20000000000005,354.1960120028799
354.40000000000003,354.3973150641249
354.6,354.59550043673283
354.8,354.79794167468003
355.0,355.0055637553218
355.20000000000005,355.2038289929049
355.40000000000003,355.40361766793575
355.6,355.6031321388986
355.8,355.808055740085
356.0,355.9953031268712
356.20000000000005,356.2039618541937
356.40000000000003,356.40412705104194
356.6,356.5965969435995
356.8,356.80641636575336
357.0,356.9980941139606
357.20000000000005,357.1899494328599
357.40000000000003,357.40115725430024
357.6,357.6023064099118
357.8,357.80232305605483
358.0,357.99927273977784
358.20000000000005,358.19328061069325
358.40000000000003,358.39870584604427
358.6,358.6001053969703
358.8,358.8024973935289
359.0,359.00333432928676
359.20000000000005,359.198063782681
359.40000000000003,359.3999339546262
359.6,359.60226826700784
359.8,359.8016155264027
360.0,360.0023109792083
360.20000000000005,360.1979793052528
360.40000000000003,360.4073336881804
360.6,360.61044297384234
360.8,360.8082399251031
361.0,360.9972922214845
361.20000000000005,361.1999870543318
361.40000000000003,361.40450784385877
361.6,361.597523946479
361.8,361.7860939229987
362.0,362.0065171892791
362.20000000000005,362.20107056372336
362.40000000000003,362.4031548038253
362.6,362.6077268378608
362.8,362.80575976653216
363.0,363.00658744227496
363.20000000000005,363.1983870730835
363.40000000000003,363.40409085843106
363.6,363.59820896596784
363.8,363.79469372449404
364.0,363.999749908572
364.20000000000005,364.2068068370839
364.40000000000003,364.4010382132746
364.6,364.6081989968927
364.8,364.8016478030181
365.0,365.00150021069607
365.20000000000005,365.1989715046126
365.40000000000003,365.4043505957971
365.6,365.602984828308
365.8,365.8014752108918
366.0,366.0003517199919
366.20000000000005,366.19743273835354
366.40000000000003,366.3946496483186
366.6,366.5923970644408
366.8,366.79564794747125
367.0,366.9911453067031
367.20000000000005,367.19897549315095
367.40000000000003,367.4011528516818
367.6,367.5960199923697
367.8,367.7929560694838
368.0,368.0023117395409
368.20000000000005,368.2027510927395
368.40000000000003,368.4070991647008
368.6,368.59363243195713
368.8,368.7995959023575
369.0,369.0009642405031
369.20000000000005,369.19455031343415
369.40000000000003,369.3962015148548
369.6,369.60266279084
369.8,369.8024025808516
370.0,369.99117606077823
370.20000000000005,370.1993167627308
370.40000000000003,370.39042341005995
370.6,370.6013746845307
370.8,370.79813847810766
371.0,371.0076678921861
371.20000000000005,371.19789477665597
371.40000000000003,371.4059534452996
371.6,371.5983709379993
371.8,371.80519011001246
372.0,371.98826384583316
372.20000000000005,372.19912508616306
372.40000000000003,372.40147015773147
372.6,372.60533022396123
372.8,372.80292467288706
373.0,372.99312176934575
373.20000000000005,373.19826061196653
373.40000000000003,373.3981146471395
373.6,373.60714968261584
373.8,373.8010878750591
374.0,374.0065480650072
374.20000000000005,374.19567500908903
374.40000000000003,374.3952594091199
374.6,374.6051627050206
374.8,374.8084205505116
375.0,375.00834401943905
375.20000000000005,375.19743021618797
375.40000000000003,375.3951479646019
375.6,375.59769561404937
375.8,375.803521562256
376.0,376.0109223341556
376.20000000000005,376.20897026407755
376.40000000000003,376.4080722404893
376.6,376.60314377284266
376.8,376.80252276197166
377.0,376.9997228101959
377.20000000000005,377.2138571860095
377.40000000000003,377.3977800791736
377.6,377.5933666601446
377.8,377.80323326776255
378.0,378.0065966428558
378.20000000000005,378.1963304205827
378.40000000000003,378.3934397088683
378.6,378.600709228561
378.8,378.80707329006776
379.0,378.9944231604469
379.20000000000005,379.19661289139174
379.40000000000003,379.3994500903075
379.6,379.6012346262324
379.8,379.8083136493628
380.0,380.0068212375958
380.20000000000005,380.19592391049434
380.40000000000003,380.39901521323674
380.6,380.5957492292865
380.8,380.80040827147957
381.0,381.0031020132803
381.20000000000005,381.2022393890737
381.40000000000003,381.38839310020103
381.6,381.59819516343237
381.8,381.8065608849909
382.0,381.9933529359915
382.20000000000005,382.19300244066375
382.40000000000003,382.3969838267438
382.6,382.599934740459
382.8,382.801294169549
383.0,383.0095584415314
383.20000000000005,383.2044847340756
383.40000000000003,383.4017086542079
383.6,383.5968581531892
383.8,383.804244573486
384.0,384.0002174124702
384.20000000000005,384.18739525734185
384.40000000000003,384.4019280315426
384.6,384.5999112861126
384.8,384.79868022986835
385.0,384.99186252827985
385.20000000000005,385.1975840437667
385.40000000000003,385.39787416953544
385.6,385.59474792900056
385.8,385.7964770610201
386.0,386.00024396812086
386.20000000000005,386.2025299001544
386.40000000000003,386.3947126368305
386.6,386.59766409137194
386.8,386.796259739375
387.0,386.99695006482244
387.20000000000005,387.2066854139088
387.40000000000003,387.39854854549907
387.6,387.60460064179404
387.8,387.7981667248474
388.0,387.99330553745415
388.20000000000005,388.2016060025574
388.40000000000003,388.3999315767742
388.6,388.6014683998856
388.8,388.8007471727337
389.0,388.9913316356714
389.20000000000005,389.2021177718964
389.40000000000003,389.3990928349469
389.6,389.5977240971237
389.8,389.79687385338485
390.0,389.9999246125547
390.20000000000005,390.20000245525193
390.40000000000003,390.3999960678096
390.6,390.59773658280784
390.8,390.7948232208356
391.0,391.0059893088546
391.20000000000005,391.19434847641935
391.40000000000003,391.40438702922745
391.6,391.5957676428522
391.8,391.8007804415516
392.0,391.98806805281333
392.20000000000005,392.18922112872104
392.40000000000003,392.40870721722825
392.6,392.5956540920037
392.8,392.79391880834964
393.0,392.9984262483576
393.20000000000005,393.20589483087093
393.40000000000003,393.39664289133634
393.6,393.59070173682767
393.8,393.80829894173877
394.0,394.0009336154788
394.20000000000005,394.21316980559664
394.40000000000003,394.40419296897056
394.6,394.59107755675694
394.8,394.8025367612192
395.0,394.9968858781351
395.20000000000005,395.2011031094292
395.40000000000003,395.3990381208394
395.6,395.60105395099686
395.8,395.79609992499275
396.0,395.9991523507102
396.20000000000005,396.1990978593173
396.40000000000003,396.40466271455625
396.6,396.60494129454247
396.8,396.7998352030538
397.0,396.9935776451482
397.20000000000005,397.20772499159403
397.40000000000003,397.3917224144888
397.6,397.5931892123663
397.8,397.7900482242769
398.0,397.99449013901966
398.20000000000005,398.2022097905458
398.40000000000003,398.4003154858116
398.6,398.6084876523066
398.8,398.80246699667947
399.0,399.00342728976324
399.20000000000005,399.19250815129425
399.40000000000003,399.3977072920394
399.6,399.58772898562404
399.8,399.80148269525245
400.0,400.00264266129403
400.20000000000005,400.1982392116781
400.40000000000003,400.4048572549118
400.6,400.5843196928409
400.8,400.79455659732264
401.0,401.003981118581
401.20000000000005,401.19366717085273
401.40000000000003,401.4129026156253
401.6,401.60122205535083
401.8,401.8047214108334
402.0,401.9946704685626
402.20000000000005,402.1945167039893
402.40000000000003,402.39420096533826
402.6,402.5949321999867
402.8,402.8012700551712
403.0,403.00016075066833
403.20000000000005,403.2013204601642
403.40000000000003,403.3943661328183
403.6,403.59256805077064
403.8,403.8054933116956
404.0,403.99440813744195
404.20000000000005,404.1932668688528
404.40000000000003,404.40213301379936
404.6,404.60900674221784
404.8,404.80203026994
405.0,405.002891675593
405.20000000000005,405.20098469369793
405.40000000000003,405.4052048121078
405.6,405.5957546888905
405.8,405.79504247103296
406.0,406.0029481862864
406.20000000000005,406.19581658187417
406.40000000000003,406.4004793006282
406.6,406.6008451397407
406.8,406.79878979598726
407.0,407.00010330655385
407.20000000000005,407.19943077404946
407.40000000000003,407.4039516020035
407.6,407.59704432056657
407.8,407.8028216015099
408.0,407.99941442765197
408.20000000000005,408.20366501012757
408.40000000000003,408.4067268872168
408.6,408.5965187377832
408.8,408.796826621009
409.0,408.9982845394302
409.20000000000005,409.19797670829297
409.40000000000003,409.39699625995394
409.6,409.59818067247613
409.8,409.8042343644803
410.0,409.9940588025482
410.20000000000005,410.1913321201271
410.40000000000003,410.3922477083415
410.6,410.60416905833273
410.8,410.7952696863091
411.0,410.994956296857
411.20000000000005,411.19410023044037
411.40000000000003,411.40066265109425
411.6,411.6101518739938
411.8,411.7983278460078
412.0,412.0025258595915
412.20000000000005,412.1928525253264
412.40000000000003,412.4011810742003
412.6,412.5986372343227
412.8,412.80152275436564
413.0,412.9900956417125
413.20000000000005,413.19946023438723
413.40000000000003,413.4029332712966
413.6,413.5995189811809
413.8,413.8027504989288
414.0,413.9884517853183
414.20000000000005,414.19785561905667
414.40000000000003,414.4006829679757
414.6,414.5979130481477
414.8,414.7949812129681
415.0,414.9958818415179
415.20000000000005,415.20149635819087
415.40000000000003,415.3958481297575
415.6,415.60186865980603
415.8,415.8036398537917
416.0,415.9836267240704
416.20000000000005,416.1931827892423
416.40000000000003,416.40295977341077
416.6,416.60956299394127
416.8,416.7935455054937
417.0,416.9984651456728
417.20000000000005,417.2059457365373
417.40000000000003,417.4027597211831
417.6,417.59862642873804
417.8,417.80704565513753
418.0,418.0056504091154
418.20000000000005,418.20162869542844
418.40000000000003,418.4015264443637
418.6,418.5983518656351
418.8,418.79746588685845
419.0,419.0047126195102
419.20000000000005,419.18990631598075
419.40000000000003,419.39736531943817
419.6,419.6003509390969
419.8,419.7964699242119
420.0,419.9976703966347
420.20000000000005,420.1989300305128
420.40000000000003,420.39452199725025
420.6,420.59999261373036
420.8,420.7829273368571
421.0,420.9998033153739
421.20000000000005,421.19740130495217
421.40000000000003,421.40317236594774
421.6,421.59884077060264
421.8,421.7895385051664
422.0,421.99742545936135
422.20000000000005,422.1961874835721
422.40000000000003,422.39930725029853
422.6,422.5873011530005
422.8,422.7931788938763
423.0,422.9988497098781
423.20000000000005,423.2000859312061
423.40000000000003,423.40083253930186
423.6,423.6107568600483
423.8,423.7968906878069
424.0,424.00164485901973
424.20000000000005,424.2052775530538
424.40000000000003,424.404067243663
424.6,424.59002831151605
424.8,424.791443896928
425.0,424.9883225794705
425.20000000000005,425.20285806410124
425.40000000000003,425.39668246163393
425.6,425.60407012948633
425.8,425.8064963038083
426.0,426.0024426676639
426.20000000000005,426.198731870387
426.40000000000003,426.3993121389712
426.6,426.60237426549844
426.8,426.80225881747026
427.0,427.0007234998465
427.20000000000005,427.20558892114
427.40000000000003,427.3990023099755
427.6,427.5964151887236
427.8,427.8021020929785
428.0,428.00843290704256
428.20000000000005,428.2082848618703
428.40000000000003,428.4019300895453
428.6,428.59266452831923
428.8,428.80151667179814
429.0,429.003078603523
429.20000000000005,429.193016873602
429.40000000000003,429.41036911988914
429.6,429.5948642921939
429.8,429.7957680800521
430.0,430.0047874128856
430.20000000000005,430.19612462838523
430.40000000000003,430.4011135085857
430.6,430.611929912429
430.8,430.80264525181275
431.0,430.99481203079074
431.20000000000005,431.1983395972341
431.40000000000003,431.40339394838935
431.6,431.6010383219143
431.8,431.80352441363533
432.0,431.9983874653691
432.20000000000005,432.20199557545624
432.40000000000003,432.39810027479757
432.6,432.60069565498026
432.8,432.7976125836688
433.0,432.9995363785597
433.20000000000005,433.19930820791734
433.40000000000003,433.39849198738005
433.6,433.60526875509794
433.8,433.8031599772746
434.0,434.0054778826361
434.20000000000005,434.1997747061363
434.40000000000003,434.3930039414089
434.6,434.6029774383176
434.8,434.800353690711
435.0,434.9919511178718
435.20000000000005,435.1964758912811
435.40000000000003,435.3950505926247
435.6,435.6039740260617
435.8,435.79187112364923
436.0,436.00147218312526
436.20000000000005,436.19892179519985
436.40000000000003,436.396936251993
436.6,436.59805118413306
436.8,436.7952123870529
437.0,436.9930798452826
437.20000000000005,437.1984249678073
437.40000000000003,437.4069293829834
437.6,437.5998101041701
437.8,437.788663333997
438.0,438.00212171220574
438.20000000000005,438.1941800423807
438.40000000000003,438.40243520004907
438.6,438.60097297729664
438.8,438.7997367108485
439.0,439.0006670749542
439.20000000000005,439.20510473354227
439.40000000000003,439.39248345395583
439.6,439.6029684741369
439.8,439.79635364528315
440.0,440.005244116552
440.20000000000005,440.19676942251016
440.40000000000003,440.40830031254416
440.6,440.60229762198725
440.8,440.79025909731973
441.0,441.0020418791766
441.20000000000005,441.1938608724459
441.40000000000003,441.39570735724504
441.6,441.5907178616323
441.8,441.808104017601
442.0,441.99753431062624
442.20000000000005,442.2080957416198
442.40000000000003,442.4026972387887
442.6,442.60162781949856
442.8,442.79418180393935
443.0,443.0013319683015
443.20000000000005,443.1989883551211
443.40000000000003,443.3995183375908
443.6,443.5925362155145
443.8,443.8027182068205
444.0,444.00114248068496
444.20000000000005,444.20681080299073
444.40000000000003,444.4021302522841
444.6,444.5947495019602
444.8,444.80465332858165
445.0,444.99674543044716
445.20000000000005,445.2000972078248
445.40000000000003,445.40287032477437
445.6,445.60512567675926
445.8,445.79968673695953
446.0,445.9916782502709
446.20000000000005,446.2106778377148
446.40000000000003,446.4060713213419
446.6,446.5989193355039
446.8,446.79863480305903
447.0,446.9955630756236
447.20000000000005,447.1981451086278
447.40000000000003,447.41137427209867
447.6,447.6025234162633
447.8,447.799059245993
448.0,448.00057489675464
448.20000000000005,448.2097994979437
448.40000000000003,448.3953603714689
448.6,448.5995060867021
448.8,448.80118902405945
449.0,449.00437895403644
449.20000000000005,449.20081064395197
449.40000000000003,449.41197765246113
449.6,449.6049605616998
449.8,449.80472031837064
450.0,450.0057531381316
450.20000000000005,450.19411406302925
450.40000000000003,450.40632062613753
450.6,450.59919925812363
450.8,450.8046289453613
451.0,451.00577153415315
451.20000000000005,451.19396867889196
451.40000000000003,451.39741288574726
451.6,451.60548208153745
451.8,451.81351255164327
452.0,451.99695013627485
452.20000000000005,452.1951364960407
452.40000000000003,452.4024856418977
452.6,452.5973923396025
452.8,452.79043738399497
453.0,453.00395664480794
453.20000000000005,453.2077173516826
453.40000000000003,453.39294851967634
453.6,453.6053399161054
453.8,453.8051267650609
454.0,454.001295963382
454.20000000000005,454.1978533244709
454.40000000000003,454.39389295887133
454.6,454.59522036023486
454.8,454.8002153611371
455.0,455.00169944235915
455.20000000000005,455.1950817646985
455.40000000000003,455.4072654329869
455.6,455.6041714581443
455.8,455.7924587982523
456.0,456.0002696835352
456.20000000000005,456.19512755353617
456.40000000000003,456.40019698593306
456.6,456.6034034496385
456.8,456.7979799341887
457.0,456.99930566087374
457.20000000000005,457.20651494194743
457.40000000000003,457.3969052596721
457.6,457.6050333581901
457.8,457.80959409286754
458.0,457.9924227608092
458.20000000000005,458.20569265690057
458.40000000000003,458.3992833413541
458.6,458.5976195419214
458.8,458.8106194247918
459.0,459.00068719089836
459.20000000000005,459.19707845669103
459.40000000000003,459.40489943948864
459.6,459.6023726950277
459.8,459.79832442040964
460.0,459.99247843364304
460.20000000000005,460.20680528943547
460.40000000000003,460.4078380533675
460.6,460.59577014270747
460.8,460.8041843726206
461.0,460.99657584317566
461.20000000000005,461.1947121539192
461.40000000000003,461.40069178390735
461.6,461.5959760520974
461.8,461.8042542271043
462.0,461.9935246010291
462.20000000000005,462.1970853095385
462.40000000000003,462.4036083776187
462.6,462.5997043411454
462.8,462.7980350451684
463.0,462.99731195139356
463.20000000000005,463.2002259910474
463.40000000000003,463.40226801822394
463.6,463.599132403508
463.8,463.80187929250206
464.0,464.00233782999203
464.20000000000005,464.19642310508397
464.40000000000003,464.40834380881853
464.6,464.6097443125033
464.8,464.7935372455983
465.0,465.0063468220696
465.20000000000005,465.20234174974564
465.40000000000003,465.39521777156574
465.6,465.6055911077112
465.8,465.7939379051216
466.0,466.001838917942
466.20000000000005,466.1930948777002
466.40000000000003,466.3980050278386
466.6,466.59863767779115
466.8,466.8067418664428
467.0,467.00189683720146
467.20000000000005,467.1985189285191
467.40000000000003,467.39881125695723
467.6,467.6064642407698
467.8,467.7977131212397
468.0,467.99743059157237
468.20000000000005,468.2047300984516
468.40000000000003,468.39492076251724
468.6,468.60835370755103
468.8,468.8103798280473
469.0,468.999914416575
469.20000000000005,469.19603086962013
469.40000000000003,469.396575331776
469.6,469.5899279715777
469.8,469.78915888843835
470.0,469.99824084651306
470.20000000000005,470.20387802133433
470.40000000000003,470.39878054560216
470.6,470.6030067079305
470.8,470.80112241082537
471.0,470.9965488430496
471.20000000000005,471.19380093447853
471.40000000000003,471.3960976510744
471.6,471.593035401855
471.8,471.7864733530455
472.0,472.00226899902555
472.20000000000005,472.2056098315248
472.40000000000003,472.3957304823646
472.6,472.6048805523872
472.8,472.8052685305912
473.0,473.0067117650741
473.20000000000005,473.1969461635359
473.40000000000003,473.39936996390867
473.6,473.5957725141757
473.8,473.79611796368954
474.0,474.00462803274905
474.20000000000005,474.1988461054847
474.40000000000003,474.40390521676466
474.6,474.59356112837867
474.8,474.79463927392055
475.0,474.9950678187802
475.20000000000005,475.20383900022205
475.40000000000003,475.40409824193017
475.6,475.60628219360376
475.8,475.79677829072807
476.0,475.995183303734
476.20000000000005,476.20101654992493
476.40000000000003,476.39707711668467
476.6,476.5905822309976
476.8,476.8014981170161
477.0,477.0060584647755
477.20000000000005,477.2010163386547
477.40000000000003,477.4049468444724
477.6,477.5944002211874
477.8,477.80002041544077
478.0,477.9971274508099
478.20000000000005,478.20520109720013
478.40000000000003,478.40518443172175
478.6,478.60487578813576
478.8,478.7986300097615
479.0,479.0036705648557
479.20000000000005,479.1967545888072
479.40000000000003,479.39701606491286
479.6,479.59884261694987
479.8,479.80417133950334
480.0,479.99887606898375
480.20000000000005,480.1972782022837
480.40000000000003,480.39636418166594
480.6,480.5950755267779
480.8,480.8082630417298
481.0,481.00322971580886
481.20000000000005,481.1977034649478
481.40000000000003,481.39746342968357
481.6,481.6020694965899
481.8,481.79778969629666
482.0,482.0059608695615
482.20000000000005,482.20438632165684
482.40000000000003,482.4018200508239
482.6,482.59837020754355
482.8,482.7947828268202
483.0,483.00214001338213
483.20000000000005,483.19874731999414
483.40000000000003,483.40309827983793
483.6,483.59576120013287
483.8,483.79975796605044
484.0,483.99647317102347
484.20000000000005,484.1976850108831
484.40000000000003,484.40065480002016
484.6,484.5990073557905
484.8,484.801630964175
485.0,485.00330448867686
485.20000000000005,485.2034581981948
485.40000000000003,485.3992846341282
485.6,485.6000396970166
485.8,485.8113911530318
486.0,486.00607725948447
486.20000000000005,486.2044305430926
486.40000000000003,486.3960709307099
486.6,486.5952295782523
486.8,486.7947881029831
487.0,487.0063742657237
487.20000000000005,487.1961394820911
487.40000000000003,487.401013243066
487.6,487.60191091958325
487.8,487.7913488041151
488.0,488.0031218304645
488.20000000000005,488.19792737774384
488.40000000000003,488.40151573175604
488.6,488.60146309878905
488.8,488.79111039576406
489.0,489.0040719105852
489.20000000000005,489.19881477281723
489.40000000000003,489.399548593857
489.6,489.60344757029134
489.8,489.8069552143581
490.0,490.0048798531954
490.20000000000005,490.19130312672445
490.40000000000003,490.40331177538195
490.6,490.5957494827969
490.8,490.80303538873727
491.0,491.0036544184443
491.20000000000005,491.20101145427316
491.40000000000003,491.3896963465662
491.6,491.5985747472296
491.8,491.8030964568209
492.0,491.9983430746664
492.20000000000005,492.19841227424416
492.40000000000003,492.39678173732113
492.6,492.60643681116295
492.8,492.800011371638
493.0,493.00496223544474
493.20000000000005,493.20603061693373
493.40000000000003,493.39541697201497
493.6,493.5983371484689
493.8,493.79924160749715
494.0,494.0000497475488
494.20000000000005,494.1967237219047
494.40000000000003,494.3966556404096
494.6,494.6043589509577
494.8,494.79891737807685
495.0,495.0041765023717
495.20000000000005,495.19957781538193
495.40000000000003,495.3977210885653
495.6,495.58885159853514
495.8,495.79624290816463
496.0,495.99985188601636
496.20000000000005,496.1984442211749
496.40000000000003,496.39994747327654
496.6,496.5983264643959
496.8,496.80103601865494
497.0,496.9957837252694
497.20000000000005,497.2088674885257
497.40000000000003,497.4132030223597
497.6,497.6068987890761
497.8,497.80518123339914
498.0,497.9960412905323
498.20000000000005,498.2042013492676
498.40000000000003,498.4015056033429
498.6,498.5923065376709
498.8,498.8011919203365
499.0,499.0027338848308
499.20000000000005,499.1977590520639
499.40000000000003,499.4072238767232
499.6,499.6003307451608
499.8,499.80260368865703
500.0,499.99457629671826
500.20000000000005,500.1985046890164
500.40000000000003,500.3951026681979
500.6,500.5935186406844
500.8,500.7875660660512
501.0,501.0011714273413
501.20000000000005,501.1916090273157
501.40000000000003,501.39501746873304
501.6,501.60507358436985
501.8,501.8005557789941
502.0,502.0016461164695
502.20000000000005,502.2048041214397
502.40000000000003,502.4006968378071
502.6,502.6007728650105
502.8,502.8000230327401
503.0,502.9972495938637
503.20000000000005,503.19390506255576
503.40000000000003,503.4002407301584
503.6,503.6030253918432
503.8,503.8002709864246
504.0,504.00531485130574
504.20000000000005,504.2006944566242
504.40000000000003,504.396965947205
504.6,504.59808882847534
504.8,504.80210442589356
505.0,504.99190816950335
505.20000000000005,505.1990874516476
505.40000000000003,505.39654376755533
505.6,505.60188928163205
505.8,505.7994774936712
506.0,505.99347063237394
506.20000000000005,506.1990939462194
506.40000000000003,506.39730780021307
506.6,506.5997459238879
506.8,506.7946334694193
507.0,507.00450892891683
507.20000000000005,507.20230532006474
507.40000000000003,507.40203175373443
507.6,507.6034186461673
507.8,507.7974313510687
508.0,507.99421697794264
508.20000000000005,508.2064773587043
508.40000000000003,508.3932272408066
508.6,508.6013693154408
508.8,508.79894411440864
509.0,509.0020930140129
509.20000000000005,509.1977558563468
509.40000000000003,509.3933175379312
509.6,509.6018696569603
509.8,509.80037110158
510.0,510.0012927525951
510.20000000000005,510.2026379436928
510.40000000000003,510.400858363419
510.6,510.60137801380296
510.8,510.79816346206076
511.0,511.0024540469126
511.20000000000005,511.19707557470224
511.40000000000003,511.4004405867156
511.6,511.6076653858184
511.8,511.79932700620503
512.0,511.999598755824
512.2,512.195527120246
512.4,512.3971048891315
512.6,512.6055909456228
512.8000000000001,512.7941880656788
513.0,513.0007000111822
513.2,513.2023128302812
513.4,513.4026397671876
513.6,513.606879195407
513.8000000000001,513.7980885101057
514.0,513.9914864393503
514.2,514.2008340272702
514.4,514.404303137889
514.6,514.5968611522525
514.8000000000001,514.8050241541267
515.0,515.005592070084
515.2,515.2036986826463
515.4,515.4013422892023
515.6,515.5996928933929
515.8000000000001,515.798784771124
516.0,515.997123572955
516.2,516.2029565001955
516.4,516.4019243303285
516.6,516.6000412807888
516.8000000000001,516.8051776089243
517.0,517.0027138158878
517.2,517.1960961064077
517.4,517.3935020550572
517.6,517.6028132124086
517.8000000000001,517.796061178316
518.0,517.9947171794477
518.2,518.2015661375046
518.4,518.3958388857819
518.6,518.6029775477024
518.8000000000001,518.7948444412119
519.0,519.002617754245
519.2,519.2069445821396
519.4,519.39325498599
519.6,519.6101985450678
519.8000000000001,519.8055952270518
520.0,520.0060956387849
520.2,520.1989355879535
520.4,520.3948156137086
520.6,520.5889515520414
520.8000000000001,520.798391752388
521.0,520.9954801233788
521.2,521.2028233125321
521.4,521.3923197995412
521.6,521.6020991168391
521.8000000000001,521.8098368697875
522.0,521.9987770840804
522.2,522.2001255238152
522.4,522.3971179614754
522.6,522.5950762044774
522.8000000000001,522.7968641940598
523.0,523.004008492469
523.2,523.194569652629
523.4,523.3894520108572
523.6,523.5946509772846
523.8000000000001,523.8052467803165
524.0,524.0034111487976
524.2,524.1956599665942
524.4,524.3979680397001
524.6,524.5944670835157
524.8000000000001,524.8033230348134
525.0,524.9974873536412
525.2,525.1992641444247
525.4,525.3920062435894
525.6,525.6054055217166
525.8000000000001,525.7979160360309
526.0,525.9997728885102
526.2,526.1950105622861
526.4,526.4004846985857
526.6,526.5986201116469
526.8000000000001,526.8025282753941
527.0,527.0033980788393
527.2,527.1976123592148
527.4,527.3980337884453
527.6,527.5917438474218
527.8000000000001,527.8045432778674
528.0,528.0094807209547
528.2,528.2067860452245
528.4,528.4029670160915
528.6,528.6020884464051
528.8000000000001,528.7989412323008
529.0,528.9951807692738
529.2,529.1957853478563
529.4,529.4101007706562
529.6,529.6040107670176
529.8000000000001,529.7994709687678
530.0,530.0111770913928
530.2,530.2042302380688
530.4,530.4033991707751
530.6,530.6006331238174
530.8000000000001,530.8067503635524
531.0,531.0003689389878
531.2,531.2084594412574
531.4,531.4026562257288
531.6,531.5992889884981
531.8000000000001,531.8043656346264
532.0,532.001770768299
532.2,532.1917147036992
532.4,532.402018151285
532.6,532.6102743468741
532.8000000000001,532.8046593036663
533.0,532.9988335477584
533.2,533.2013358390003
533.4,533.3953854138452
533.6,533.6010573154484
533.8000000000001,533.7982475687493
534.0,533.9963243040731
534.2,534.1973038409492
534.4,534.3998425774749
534.6,534.6014912019266
534.8000000000001,534.7974219189566
535.0,535.0064933337371
535.2,535.1990462518894
535.4,535.3949879534101
535.6,535.6074211824387
535.8000000000001,535.7982434813683
536.0,536.0000176725241
536.2,536.1954974108224
536.4,536.403637009385
536.6,536.6071076259652
536.8000000000001,536.8029208695424
537.0,536.9941623842305
537.2,537.1970674457099
537.4,537.4027597023994
537.6,537.6017784383541
537.8000000000001,537.801793090407
538.0,537.9970427601417
538.2,538.2056169517664
538.4,538.4023203921399
538.6,538.6019994855725
538.8000000000001,538.7911106066492
539.0,539.0044804021875
539.2,539.1933108049686
539.4,539.3985793672908
539.6,539.595721141258
539.8000000000001,539.8000858979863
540.0,539.9935695057532
540.2,540.197886696206
540.4,540.4047197652268
540.6,540.5972118258542
540.8000000000001,540.7972701038483
541.0,540.992983944316
541.2,541.2003463515188
541.4,541.404289345455
541.6,541.5931294532296
541.8000000000001,541.8016672413511
542.0,542.0075941763405
542.2,542.1918346596067
542.4,542.4017041787288
542.6,542.6020569395547
542.8000000000001,542.7996143519954
543.0,542.9906837335802
543.2,543.202291335732
543.4,543.3942046336114
543.6,543.6003545548255
543.8000000000001,543.7941424609915
544.0,544.0054491778615
544.2,544.2091449805514
544.4,544.4067532658388
544.6,544.5983661855727
544.8000000000001,544.8080027558655
545.0,544.9842521016295
545.2,545.1916679810712
545.4,545.3993763227953
545.6,545.5958411745246
545.8000000000001,545.8093940297539
546.0,545.996331222474
546.2,546.2015763532673
546.4,546.396174378427
546.6,546.5928489256738
546.8000000000001,546.8022062440821
547.0,546.9986401239686
547.2,547.1974917325247
547.4,547.402005272912
547.6,547.6025006776222
547.8000000000001,547.8004778683846
548.0,548.003689047854
548.2,548.2028010167408
548.4,548.4067714797378
548.6,548.6031561344623
548.8000000000001,548.7957465123092
549.0,548.9969141432035
549.2,549.1958078542854
549.4,549.3984530119834
549.6,549.6040937772403
549.8000000000001,549.7974913530718
550.0,550.0059734635747
550.2,550.1960311962389
550.4,550.402706155432
550.6,550.6045870816953
550.8000000000001,550.800420333681
551.0,550.9930290030701
551.2,551.1970934306012
551.4,551.3996867205258
551.6,551.5936820943527
551.8000000000001,551.8075389108851
552.0,551.9944844256693
552.2,552.1969913415033
552.4,552.3878519848643
552.6,552.5953616529091
552.8000000000001,552.7937794775494
553.0,553.0003283939204
553.2,553.2009564261983
553.4,553.4039872168867
553.6,553.5997337782068
553.8000000000001,553.7914160597247
554.0,554.0039672935469
554.2,554.199789424977
554.4,554.3961195632329
554.6,554.6091686080761
554.8000000000001,554.7977940828382
555.0,555.0003741555503
555.2,555.202859440415
555.4,555.4093900283837
555.6,555.5997722771571
555.8000000000001,555.7968960045979
556.0,556.0092960345077
556.2,556.2057470438489
556.4,556.4009804204493
556.6,556.5980216832237
556.8000000000001,556.7869194743791
557.0,557.001003911028
557.2,557.211975464225
557.4,557.4006896207575
557.6,557.6018010881917
557.8000000000001,557.7914575935237
558.0,557.9979279245867
558.2,558.1957746888212
558.4,558.4059158427007
558.6,558.6005612934266
558.8000000000001,558.8095433338904
559.0,559.0050533963094
559.2,559.1986667131137
559.4,559.3984084447915
559.6,559.6096987002919
559.8000000000001,559.7989948233572
560.0,559.9999549782129
560.2,560.1969495986032
560.4,560.4079395743726
560.6,560.5996211614801
560.8000000000001,560.8042485041207
561.0,561.002369962862
561.2,561.2058028703732
561.4,561.3960927566412
561.6,561.6066915862061
561.8000000000001,561.7896058010825
562.0,561.9985469242013
562.2,562.2018039373713
562.4,562.4108414211586
562.6,562.6028661984452
562.8000000000001,562.8013404229497
563.0,563.0032260155914
563.2,563.2005022993233
563.4,563.39843998933
563.6,563.6080195252443
563.8000000000001,563.8023284032718
564.0,563.9947802960312
564.2,564.2030418301347
564.4,564.3933325361401
564.6,564.6052447733465
564.8000000000001,564.8075076549156
565.0,564.9937132129496
565.2,565.1992447474814
565.4,565.4015751434289
565.6,565.6065787869878
565.8000000000001,565.8038610278818
566.0,566.0003952810079
566.2,566.197085897647
566.4,566.3866621827241
566.6,566.6036479632046
566.8000000000001,566.8038838704365
567.0,566.9976181015222
567.2,567.2037934583635
567.4,567.3987002016889
567.6,567.6054946863055
567.8000000000001,567.8014613676961
568.0,568.0005433173752
568.2,568.1983281138969
568.4,568.396143061538
568.6,568.6023926330635
568.8000000000001,568.7967181912601
569.0,569.0045816402388
569.2,569.1964219091251
569.4,569.399190139564
569.6,569.595702384672
569.8000000000001,569.8027207227299
570.0,570.0037509238808
570.2,570.2019575478724
570.4,570.4048229825199
570.6,570.5968756968504
570.8000000000001,570.8023912000781
571.0,570.992964529866
571.2,571.2045296400561
571.4,571.4015969741008
571.6,571.6078720340223
571.8000000000001,571.8028851911802
572.0,572.0027464060012
572.2,572.2058701137921
572.4,572.393534484588
572.6,572.6021291738766
572.8000000000001,572.8001706929145
573.0,573.0003180449626
573.2,573.2065493163011
573.4,573.394774539113
573.6,573.6004354563557
573.8000000000001,573.8084296809981
574.0,574.0110770133404
574.2,574.2010859774815
574.4,574.3940143462047
574.6,574.6015587283244
574.8000000000001,574.7949947885496
575.0,575.0073091626728
575.2,575.2060395041449
575.4,575.398225400357
575.6,575.5987419434367
575.8000000000001,575.7949406978765
576.0,576.0013624059382
576.2,576.1999099203671
576.4,576.4010026924078
576.6,576.6064532422608
576.8000000000001,576.8109862414149
577.0,576.995243831872
577.2,577.2041255729384
577.4,577.3901136118045
577.6,577.5983693818064
577.8000000000001,577.8038456295958
578.0,578.0025502234721
578.2,578.2062265065365
578.4,578.3990788793388
578.6,578.6017262201952
578.8000000000001,578.8021975539377
579.0,579.0025181626718
579.2,579.201542439584
579.4,579.4043457736999
579.6,579.6046464944981
579.8000000000001,579.8029924157468
580.0,579.9942764376088
580.2,580.2056230157399
580.4,580.402587738915
580.6,580.6014290625585
580.8000000000001,580.812568047586
581.0,580.9947037178227
581.2,581.2013203260631
581.4,581.3991131658905
581.6,581.6020181371
581.8000000000001,581.8060743904348
582.0,581.9991133190028
582.2,582.2087755620513
582.4,582.4011549999575
582.6,582.5985164688095
582.8000000000001,582.7996684791827
583.0,583.0031567642447
583.2,583.1998479466924
583.4,583.4014344334656
583.6,583.6005520724843
583.8000000000001,583.7975337413641
584.0,583.9907857902931
584.2,584.2013251451546
584.4,584.3925036024223
584.6,584.6057937988185
584.8000000000001,584.8021863400114
585.0,584.9994153076968
585.2,585.1956740722463
585.4,585.3986814777124
585.6,585.6044684037847
585.8000000000001,585.8000716723257
586.0,585.9963675813008
586.2,586.2021233459207
586.4,586.4051040910487
586.6,586.6029256838308
586.8000000000001,586.792646054478
587.0,586.9938062655094
587.2,587.193342298683
587.4,587.3960188652259
587.6,587.6089454262129
587.8000000000001,587.795995455689
588.0,587.9973024910815
588.2,588.2068774436204
588.4,588.4064261853001
588.6,588.5965935965276
588.8000000000001,588.793337899571
589.0,588.9964169958845
589.2,589.1979690030354
589.4,589.3994955430007
589.6,589.5979528905822
589.8000000000001,589.7948354838941
590.0,590.0024747891335
590.2,590.2024249774795
590.4,590.3949118493949
590.6,590.6027463405559
590.8000000000001,590.8009963137081
591.0,591.0019294404404
591.2,591.1919297319018
591.4,591.4048290965648
591.6,591.6004019838631
591.8000000000001,591.8019439710737
592.0,591.9973474966235
592.2,592.1991665512468
592.4,592.3918714061688
592.6,592.6085858460365
592.8000000000001,592.7907402149491
593.0,592.9938111684398
593.2,593.2012431921429
593.4,593.4007932991183
593.6,593.5967085841345
593.8000000000001,593.8004619629738
594.0,593.9979689706895
594.2,594.2035778152692
594.4,594.4012664802816
594.6,594.605328269851
594.8000000000001,594.8069670075522
595.0,594.9983181189843
595.2,595.2037149681267
595.4,595.3970544059915
595.6,595.5947562079924
595.8000000000001,595.7973035304951
596.0,596.0032564662682
596.2,596.1957462973483
596.4,596.4053676771301
596.6,596.5892453670577
596.8000000000001,596.795432225696
597.0,596.9986022800277
597.2,597.1991423053115
597.4,597.4018447617079
597.6,597.5985078837205
597.8000000000001,597.8022603141119
598.0,597.9995990926935
598.2,598.2016928388891
598.4,598.3902374943862
598.6,598.592832006226
598.8000000000001,598.792850321538
599.0,599.0011731962801
599.2,599.2098511718286
599.4,599.4043892411232
599.6,599.603095618555
599.8000000000001,599.796353371576
